{
	"credit": "Made with Blockbench",
	"parent": "block/thin_block",
	"textures": {
		"0": "block/cherry_trapdoor",
		"1": "block/cherry_trapdoor_1",
		"particle": "block/cherry_trapdoor"
	},
	"elements": [
		{
			"name": "Element",
			"from": [0, 0, 13],
			"to": [16, 16, 16],
			"faces": {
				"north": {"uv": [0, 0, 16, 16], "texture": "#0"},
				"east": {"uv": [0.75, 0, 0.25, 16], "rotation": 180, "texture": "#0", "cullface": "east"},
				"south": {"uv": [0, 0, 16, 16], "texture": "#0", "cullface": "south"},
				"west": {"uv": [15.75, 0, 15.25, 16], "rotation": 180, "texture": "#0", "cullface": "west"},
				"up": {"uv": [0, 0.5, 16, 0], "texture": "#0", "cullface": "up"},
				"down": {"uv": [0, 15.75, 16, 15.25], "texture": "#0", "cullface": "down"}
			}
		},
		{
			"name": "Element",
			"from": [4, 4, 14],
			"to": [12, 12, 15],
			"faces": {
				"north": {"uv": [4, 4, 12, 12], "texture": "#1"},
				"south": {"uv": [4, 4, 12, 12], "texture": "#1"}
			}
		},
		{
			"name": "Element",
			"from": [12, 12, 16],
			"to": [4, 4, 13],
			"faces": {
				"east": {"uv": [12.25, 4, 12.75, 12], "rotation": 180, "texture": "#0"},
				"west": {"uv": [3.25, 4, 3.75, 12], "rotation": 180, "texture": "#0"},
				"up": {"uv": [4, 12.25, 12, 12.75], "texture": "#0"},
				"down": {"uv": [4, 3.25, 12, 3.75], "texture": "#0"}
			}
		},
		{
			"name": "Element",
			"from": [9, 9, 15],
			"to": [7, 7, 14],
			"faces": {
				"east": {"uv": [6.25, 7, 6.75, 9], "rotation": 180, "texture": "#1"},
				"west": {"uv": [9.25, 7, 9.75, 9], "rotation": 180, "texture": "#1"},
				"up": {"uv": [7, 9.25, 9, 9.75], "texture": "#1"},
				"down": {"uv": [7, 6.25, 9, 6.75], "texture": "#1"}
			}
		},
		{
			"name": "Element",
			"from": [12, 9, 15],
			"to": [10, 7, 14],
			"faces": {
				"east": {"uv": [9.25, 7, 9.75, 9], "rotation": 180, "texture": "#1"},
				"up": {"uv": [10, 9.25, 12, 9.75], "texture": "#1"},
				"down": {"uv": [10, 6.25, 12, 6.75], "texture": "#1"}
			}
		},
		{
			"name": "Element",
			"from": [6, 9, 15],
			"to": [4, 7, 14],
			"faces": {
				"west": {"uv": [6.25, 7, 6.75, 9], "rotation": 180, "texture": "#1"},
				"up": {"uv": [4, 9.25, 6, 9.75], "texture": "#1"},
				"down": {"uv": [4, 6.25, 6, 6.75], "texture": "#1"}
			}
		},
		{
			"name": "Element",
			"from": [9, 6, 15],
			"to": [7, 4, 14],
			"faces": {
				"east": {"uv": [6.25, 10, 6.75, 12], "rotation": 180, "texture": "#1"},
				"west": {"uv": [9.25, 10, 9.75, 12], "rotation": 180, "texture": "#1"},
				"down": {"uv": [7, 9.25, 9, 9.75], "texture": "#1"}
			}
		},
		{
			"name": "Element",
			"from": [6, 6, 15],
			"to": [4, 4, 14],
			"faces": {
				"west": {"uv": [6.25, 10, 6.75, 12], "rotation": 180, "texture": "#1"},
				"down": {"uv": [4, 9.25, 6, 9.75], "texture": "#1"}
			}
		},
		{
			"name": "Element",
			"from": [12, 6, 15],
			"to": [10, 4, 14],
			"faces": {
				"east": {"uv": [9.25, 10, 9.75, 12], "rotation": 180, "texture": "#1"},
				"down": {"uv": [10, 9.25, 12, 9.75], "texture": "#1"}
			}
		},
		{
			"name": "Element",
			"from": [9, 12, 15],
			"to": [7, 10, 14],
			"faces": {
				"east": {"uv": [6.25, 4, 6.75, 6], "rotation": 180, "texture": "#1"},
				"west": {"uv": [9.25, 4, 9.75, 6], "rotation": 180, "texture": "#1"},
				"up": {"uv": [7, 6.25, 9, 6.75], "texture": "#1"}
			}
		},
		{
			"name": "Element",
			"from": [12, 12, 15],
			"to": [10, 10, 14],
			"faces": {
				"east": {"uv": [9.25, 4, 9.75, 6], "rotation": 180, "texture": "#1"},
				"up": {"uv": [10, 6.25, 12, 6.75], "texture": "#1"}
			}
		},
		{
			"name": "Element",
			"from": [6, 12, 15],
			"to": [4, 10, 14],
			"faces": {
				"west": {"uv": [6.25, 4, 6.75, 6], "rotation": 180, "texture": "#1"},
				"up": {"uv": [4, 6.25, 6, 6.75], "texture": "#1"}
			}
		}
	]
}