{
	"credit": "Made with Blockbench",
	"parent": "block/thin_block",
	"textures": {
		"0": "block/cherry_trapdoor",
		"1": "block/cherry_trapdoor_1",
		"particle": "block/cherry_trapdoor"
	},
	"elements": [
		{
			"name": "Element",
			"from": [0, 0, 0],
			"to": [16, 3, 16],
			"faces": {
				"north": {"uv": [0, 0.5, 16, 0], "rotation": 180, "texture": "#0", "cullface": "north"},
				"east": {"uv": [0.75, 0, 0.25, 16], "rotation": 270, "texture": "#0", "cullface": "east"},
				"south": {"uv": [0, 15.75, 16, 15.25], "texture": "#0", "cullface": "south"},
				"west": {"uv": [15.75, 0, 15.25, 16], "rotation": 90, "texture": "#0", "cullface": "west"},
				"up": {"uv": [0, 0, 16, 16], "texture": "#0"},
				"down": {"uv": [0, 0, 16, 16], "rotation": 180, "texture": "#0", "cullface": "down"}
			}
		},
		{
			"name": "Element",
			"from": [4, 1, 4],
			"to": [12, 2, 12],
			"faces": {
				"up": {"uv": [4, 4, 12, 12], "texture": "#1"},
				"down": {"uv": [4, 4, 12, 12], "rotation": 180, "texture": "#1"}
			}
		},
		{
			"name": "Element",
			"from": [12, 3, 12],
			"to": [4, 0, 4],
			"faces": {
				"north": {"uv": [4, 12.25, 12, 12.75], "rotation": 180, "texture": "#0"},
				"east": {"uv": [12.25, 4, 12.75, 12], "rotation": 270, "texture": "#0"},
				"south": {"uv": [4, 3.25, 12, 3.75], "texture": "#0"},
				"west": {"uv": [3.25, 4, 3.75, 12], "rotation": 90, "texture": "#0"}
			}
		},
		{
			"name": "Element",
			"from": [9, 2, 9],
			"to": [7, 1, 7],
			"faces": {
				"north": {"uv": [7, 9.25, 9, 9.75], "rotation": 180, "texture": "#1"},
				"east": {"uv": [6.25, 7, 6.75, 9], "rotation": 270, "texture": "#1"},
				"south": {"uv": [7, 6.25, 9, 6.75], "texture": "#1"},
				"west": {"uv": [9.25, 7, 9.75, 9], "rotation": 90, "texture": "#1"}
			}
		},
		{
			"name": "Element",
			"from": [12, 2, 9],
			"to": [10, 1, 7],
			"faces": {
				"north": {"uv": [10, 9.25, 12, 9.75], "rotation": 180, "texture": "#1"},
				"east": {"uv": [9.25, 7, 9.75, 9], "rotation": 270, "texture": "#1"},
				"south": {"uv": [10, 6.25, 12, 6.75], "texture": "#1"}
			}
		},
		{
			"name": "Element",
			"from": [6, 2, 6],
			"to": [4, 1, 4],
			"faces": {
				"north": {"uv": [4, 6.25, 6, 6.75], "rotation": 180, "texture": "#1"},
				"west": {"uv": [6.25, 4, 6.75, 6], "rotation": 90, "texture": "#1"}
			}
		},
		{
			"name": "Element",
			"from": [6, 2, 9],
			"to": [4, 1, 7],
			"faces": {
				"north": {"uv": [4, 9.25, 6, 9.75], "rotation": 180, "texture": "#1"},
				"south": {"uv": [4, 6.25, 6, 6.75], "texture": "#1"},
				"west": {"uv": [6.25, 7, 6.75, 9], "rotation": 90, "texture": "#1"}
			}
		},
		{
			"name": "Element",
			"from": [9, 2, 12],
			"to": [7, 1, 10],
			"faces": {
				"east": {"uv": [6.25, 10, 6.75, 12], "rotation": 270, "texture": "#1"},
				"south": {"uv": [7, 9.25, 9, 9.75], "texture": "#1"},
				"west": {"uv": [9.25, 10, 9.75, 12], "rotation": 90, "texture": "#1"}
			}
		},
		{
			"name": "Element",
			"from": [6, 2, 12],
			"to": [4, 1, 10],
			"faces": {
				"south": {"uv": [4, 9.25, 6, 9.75], "texture": "#1"},
				"west": {"uv": [6.25, 10, 6.75, 12], "rotation": 90, "texture": "#1"}
			}
		},
		{
			"name": "Element",
			"from": [12, 2, 12],
			"to": [10, 1, 10],
			"faces": {
				"east": {"uv": [9.25, 10, 9.75, 12], "rotation": 270, "texture": "#1"},
				"south": {"uv": [10, 9.25, 12, 9.75], "texture": "#1"}
			}
		},
		{
			"name": "Element",
			"from": [9, 2, 6],
			"to": [7, 1, 4],
			"faces": {
				"north": {"uv": [7, 6.25, 9, 6.75], "rotation": 180, "texture": "#1"},
				"east": {"uv": [6.25, 4, 6.75, 6], "rotation": 270, "texture": "#1"},
				"west": {"uv": [9.25, 4, 9.75, 6], "rotation": 90, "texture": "#1"}
			}
		},
		{
			"name": "Element",
			"from": [12, 2, 6],
			"to": [10, 1, 4],
			"faces": {
				"north": {"uv": [10, 6.25, 12, 6.75], "rotation": 180, "texture": "#1"},
				"east": {"uv": [9.25, 4, 9.75, 6], "rotation": 270, "texture": "#1"}
			}
		}
	]
}