{
  "credit": "Made with Blockbench",
  "ambientocclusion": false,
  "textures": {
    "rail": "block/rail_track",
    "texture": "block/powered_rail_wire",
    "texture1": "block/activator_rail_on_base",
    "particle": "block/powered_rail_on"
  },
  "elements": [
    {
      "name": "Box2",
      "from": [2, 0.5, 1],
      "to": [4, 1.5, 17],
      "rotation": {
        "angle": -45,
        "axis": "x",
        "origin": [2, 0.5, 1],
        "rescale": true
      },
      "faces": {
        "north": { "uv": [2, 0, 4, 0.5], "rotation": 180, "texture": "#rail" },
        "east": { "uv": [4, 0, 3.5, 16], "rotation": 90, "texture": "#rail" },
        "south": { "uv": [2, 15.5, 4, 16], "texture": "#rail" },
        "west": { "uv": [2.5, 0, 2, 16], "rotation": 270, "texture": "#rail" },
        "up": { "uv": [2, 0, 4, 16], "texture": "#rail" },
        "down": { "uv": [2, 16, 4, 0], "texture": "#rail" }
      }
    },
    {
      "name": "Box2",
      "from": [12, 0.5, 1],
      "to": [14, 1.5, 17],
      "rotation": {
        "angle": -45,
        "axis": "x",
        "origin": [2, 0.5, 1],
        "rescale": true
      },
      "faces": {
        "north": {
          "uv": [12, 0, 14, 0.5],
          "rotation": 180,
          "texture": "#rail"
        },
        "east": { "uv": [14, 0, 13.5, 16], "rotation": 90, "texture": "#rail" },
        "south": { "uv": [12, 15.5, 14, 16], "texture": "#rail" },
        "west": {
          "uv": [12.5, 0, 12, 16],
          "rotation": 270,
          "texture": "#rail"
        },
        "up": { "uv": [12, 0, 14, 16], "texture": "#rail" },
        "down": { "uv": [12, 16, 14, 0], "texture": "#rail" }
      }
    },
    {
      "name": "Box2",
      "from": [4, 0.5, 1],
      "to": [5, 1, 17],
      "rotation": {
        "angle": -45,
        "axis": "x",
        "origin": [2, 0.5, 1],
        "rescale": true
      },
      "faces": {
        "north": { "uv": [4, 0, 5, 0.5], "texture": "#texture" },
        "east": {
          "uv": [5, 0, 4.5, 16],
          "rotation": 90,
          "texture": "#texture"
        },
        "south": { "uv": [4, 15.5, 5, 16], "texture": "#texture" },
        "up": { "uv": [4, 0, 5, 16], "texture": "#texture" },
        "down": { "uv": [4, 16, 5, 0], "texture": "#texture" }
      }
    },
    {
      "name": "Box2",
      "from": [11, 0.5, 1],
      "to": [12, 1, 17],
      "rotation": {
        "angle": -45,
        "axis": "x",
        "origin": [2, 0.5, 1],
        "rescale": true
      },
      "faces": {
        "north": { "uv": [11, 0, 12, 0.5], "texture": "#texture" },
        "south": { "uv": [11, 15.5, 12, 16], "texture": "#texture" },
        "west": {
          "uv": [11.5, 0, 11, 16],
          "rotation": 270,
          "texture": "#texture"
        },
        "up": { "uv": [11, 0, 12, 16], "texture": "#texture" },
        "down": { "uv": [11, 16, 12, 0], "texture": "#texture" }
      }
    },
    {
      "name": "Box2",
      "from": [1, 0, 2],
      "to": [15, 0.5, 4],
      "rotation": {
        "angle": -45,
        "axis": "x",
        "origin": [2, 0.5, 1],
        "rescale": true
      },
      "faces": {
        "north": {
          "uv": [1, 1, 15, 1.5],
          "rotation": 180,
          "texture": "#texture1"
        },
        "east": {
          "uv": [14.5, 1, 15, 3],
          "rotation": 90,
          "texture": "#texture1"
        },
        "south": { "uv": [1, 2.5, 15, 3], "texture": "#texture1" },
        "west": {
          "uv": [1, 1, 1.5, 3],
          "rotation": 270,
          "texture": "#texture1"
        },
        "up": { "uv": [1, 1, 15, 3], "texture": "#texture1" },
        "down": { "uv": [1, 1, 15, 3], "rotation": 180, "texture": "#texture1" }
      }
    },
    {
      "name": "Box2",
      "from": [1, 0, 6],
      "to": [15, 0.5, 8],
      "rotation": {
        "angle": -45,
        "axis": "x",
        "origin": [2, 0.5, 1],
        "rescale": true
      },
      "faces": {
        "north": {
          "uv": [1, 5, 15, 5.5],
          "rotation": 180,
          "texture": "#texture1"
        },
        "east": {
          "uv": [14.5, 5, 15, 7],
          "rotation": 90,
          "texture": "#texture1"
        },
        "south": { "uv": [1, 6.5, 15, 7], "texture": "#texture1" },
        "west": {
          "uv": [1, 5, 1.5, 7],
          "rotation": 270,
          "texture": "#texture1"
        },
        "up": { "uv": [1, 5, 15, 7], "texture": "#texture1" },
        "down": { "uv": [15, 5, 1, 7], "rotation": 180, "texture": "#texture1" }
      }
    },
    {
      "name": "Box2",
      "from": [1, 0, 10],
      "to": [15, 0.5, 12],
      "rotation": {
        "angle": -45,
        "axis": "x",
        "origin": [2, 0.5, 1],
        "rescale": true
      },
      "faces": {
        "north": {
          "uv": [1, 9, 15, 9.5],
          "rotation": 180,
          "texture": "#texture1"
        },
        "east": {
          "uv": [14.5, 9, 15, 11],
          "rotation": 90,
          "texture": "#texture1"
        },
        "south": { "uv": [1, 10.5, 15, 11], "texture": "#texture1" },
        "west": {
          "uv": [1, 9, 1.5, 11],
          "rotation": 270,
          "texture": "#texture1"
        },
        "up": { "uv": [1, 9, 15, 11], "texture": "#texture1" },
        "down": {
          "uv": [15, 9, 1, 11],
          "rotation": 180,
          "texture": "#texture1"
        }
      }
    },
    {
      "name": "Box2",
      "from": [1, 0, 14],
      "to": [15, 0.5, 16],
      "rotation": {
        "angle": -45,
        "axis": "x",
        "origin": [2, 0.5, 1],
        "rescale": true
      },
      "faces": {
        "north": {
          "uv": [1, 13, 15, 13.5],
          "rotation": 180,
          "texture": "#texture1"
        },
        "east": {
          "uv": [14.5, 13, 15, 15],
          "rotation": 90,
          "texture": "#texture1"
        },
        "south": { "uv": [1, 14.5, 15, 15], "texture": "#texture1" },
        "west": {
          "uv": [1, 13, 1.5, 15],
          "rotation": 270,
          "texture": "#texture1"
        },
        "up": { "uv": [1, 13, 15, 15], "texture": "#texture1" },
        "down": {
          "uv": [15, 13, 1, 15],
          "rotation": 180,
          "texture": "#texture1"
        }
      }
    },
    {
      "name": "Box2",
      "from": [7, 0, 4],
      "to": [9, 0.5, 6],
      "rotation": {
        "angle": -45,
        "axis": "x",
        "origin": [2, 0.5, 1],
        "rescale": true
      },
      "faces": {
        "east": {
          "uv": [8.5, 3, 9, 5],
          "rotation": 90,
          "texture": "#texture1"
        },
        "west": {
          "uv": [7, 3, 7.5, 5],
          "rotation": 270,
          "texture": "#texture1"
        },
        "up": { "uv": [7, 3, 9, 5], "texture": "#texture1" },
        "down": { "uv": [7, 13, 9, 11], "texture": "#texture1" }
      }
    },
    {
      "name": "Box2",
      "from": [7, 0, 8],
      "to": [9, 0.5, 10],
      "rotation": {
        "angle": -45,
        "axis": "x",
        "origin": [2, 0.5, 1],
        "rescale": true
      },
      "faces": {
        "east": {
          "uv": [8.5, 7, 9, 9],
          "rotation": 90,
          "texture": "#texture1"
        },
        "west": { "uv": [7, 7, 7.5, 9], "texture": "#texture1" },
        "up": { "uv": [7, 7, 9, 9], "texture": "#texture1" },
        "down": { "uv": [7, 9, 9, 7], "texture": "#texture1" }
      }
    },
    {
      "name": "Box2",
      "from": [7, 0, 12],
      "to": [9, 0.5, 14],
      "rotation": {
        "angle": -45,
        "axis": "x",
        "origin": [2, 0.5, 1],
        "rescale": true
      },
      "faces": {
        "east": {
          "uv": [8.5, 11, 9, 13],
          "rotation": 90,
          "texture": "#texture1"
        },
        "west": {
          "uv": [7, 11, 7.5, 13],
          "rotation": 270,
          "texture": "#texture1"
        },
        "up": { "uv": [7, 11, 9, 13], "texture": "#texture1" },
        "down": { "uv": [7, 13, 9, 11], "texture": "#texture1" }
      }
    }
  ]
}
