{
	"credit": "Made with Blockbench",
	"textures": {
		"0": "block/warped_trapdoor",
		"particle": "block/warped_trapdoor"
	},
	"elements": [
		{
			"name": "Element",
			"from": [0, 13, 0],
			"to": [16, 16, 16],
			"faces": {
				"north": {"uv": [0, 0.25, 16, 0.75], "texture": "#0", "cullface": "north"},
				"east": {"uv": [0.25, 0, 0.75, 16], "rotation": 270, "texture": "#0", "cullface": "east"},
				"south": {"uv": [0, 0.25, 16, 0.75], "texture": "#0", "cullface": "south"},
				"west": {"uv": [15.25, 0, 15.75, 16], "rotation": 90, "texture": "#0", "cullface": "west"},
				"up": {"uv": [0, 16, 16, 0], "texture": "#0", "cullface": "up"},
				"down": {"uv": [0, 0, 16, 16], "texture": "#0"}
			}
		},
		{
			"name": "Element",
			"from": [4, 16, 13],
			"to": [3, 13, 10],
			"rotation": {"angle": 0, "axis": "y", "origin": [-7, 0, 13]},
			"faces": {
				"north": {"uv": [3, 3, 4, 2.5], "rotation": 180, "texture": "#0"},
				"east": {"uv": [3, 3, 2.5, 6], "rotation": 90, "texture": "#0"},
				"south": {"uv": [3, 6.5, 4, 6], "texture": "#0"},
				"west": {"uv": [4.5, 3, 4, 6], "rotation": 270, "texture": "#0"}
			}
		},
		{
			"name": "Element",
			"from": [4, 16, 8],
			"to": [3, 13, 3],
			"rotation": {"angle": 0, "axis": "y", "origin": [-7, 0, 16]},
			"faces": {
				"north": {"uv": [3, 8, 4, 7.5], "rotation": 180, "texture": "#0"},
				"east": {"uv": [3, 8, 2.5, 13], "rotation": 90, "texture": "#0"},
				"south": {"uv": [3, 13.5, 4, 13], "texture": "#0"},
				"west": {"uv": [4.5, 8, 4, 13], "rotation": 270, "texture": "#0"}
			}
		},
		{
			"name": "Element",
			"from": [5, 16, 11],
			"to": [4, 13, 7],
			"rotation": {"angle": 0, "axis": "y", "origin": [-6, 0, 28]},
			"faces": {
				"north": {"uv": [4, 5, 5, 4.5], "rotation": 180, "texture": "#0"},
				"east": {"uv": [4, 5, 3.5, 9], "rotation": 90, "texture": "#0"},
				"south": {"uv": [4, 9.5, 5, 9], "texture": "#0"},
				"west": {"uv": [5.5, 5, 5, 9], "rotation": 270, "texture": "#0"}
			}
		},
		{
			"name": "Element",
			"from": [6, 16, 10],
			"to": [5, 13, 8],
			"rotation": {"angle": 0, "axis": "y", "origin": [-5, 0, 33]},
			"faces": {
				"north": {"uv": [5, 6, 6, 5.5], "rotation": 180, "texture": "#0"},
				"east": {"uv": [5, 6, 4.5, 8], "rotation": 90, "texture": "#0"},
				"south": {"uv": [5, 8.5, 6, 8], "texture": "#0"},
				"west": {"uv": [6.5, 6, 6, 8], "rotation": 270, "texture": "#0"}
			}
		},
		{
			"name": "Element",
			"from": [7, 16, 13],
			"to": [6, 13, 12],
			"rotation": {"angle": 0, "axis": "y", "origin": [-4, 0, 77]},
			"faces": {
				"north": {"uv": [6, 3, 7, 2.5], "rotation": 180, "texture": "#0"},
				"east": {"uv": [6, 3, 5.5, 4], "rotation": 90, "texture": "#0"},
				"south": {"uv": [6, 4.5, 7, 4], "texture": "#0"},
				"west": {"uv": [7.5, 3, 7, 4], "rotation": 270, "texture": "#0"}
			}
		},
		{
			"name": "Element",
			"from": [7, 16, 6],
			"to": [6, 13, 4],
			"rotation": {"angle": 0, "axis": "y", "origin": [-4, 0, 73]},
			"faces": {
				"north": {"uv": [6, 10, 7, 9.5], "rotation": 180, "texture": "#0"},
				"east": {"uv": [6, 10, 5.5, 12], "rotation": 90, "texture": "#0"},
				"south": {"uv": [6, 12.5, 7, 12], "texture": "#0"},
				"west": {"uv": [7.5, 10, 7, 12], "rotation": 270, "texture": "#0"}
			}
		},
		{
			"name": "Element",
			"from": [8, 16, 13],
			"to": [7, 13, 3],
			"rotation": {"angle": 0, "axis": "y", "origin": [-3, 0, 66]},
			"faces": {
				"north": {"uv": [7, 3, 8, 2.5], "rotation": 180, "texture": "#0"},
				"east": {"uv": [7, 3, 6.5, 13], "rotation": 90, "texture": "#0"},
				"south": {"uv": [7, 13.5, 8, 13], "texture": "#0"},
				"west": {"uv": [8.5, 3, 8, 13], "rotation": 270, "texture": "#0"}
			}
		},
		{
			"name": "Element",
			"from": [9, 16, 12],
			"to": [8, 13, 3],
			"rotation": {"angle": 0, "axis": "y", "origin": [-2, 0, 84]},
			"faces": {
				"north": {"uv": [8, 4, 9, 3.5], "rotation": 180, "texture": "#0"},
				"east": {"uv": [8, 4, 7.5, 13], "rotation": 90, "texture": "#0"},
				"south": {"uv": [8, 13.5, 9, 13], "texture": "#0"},
				"west": {"uv": [9.5, 4, 9, 13], "rotation": 270, "texture": "#0"}
			}
		},
		{
			"name": "Element",
			"from": [10, 16, 9],
			"to": [9, 13, 6],
			"rotation": {"angle": 0, "axis": "y", "origin": [-1, 0, 93]},
			"faces": {
				"north": {"uv": [9, 7, 10, 6.5], "rotation": 180, "texture": "#0"},
				"east": {"uv": [9, 7, 8.5, 10], "rotation": 90, "texture": "#0"},
				"south": {"uv": [9, 10.5, 10, 10], "texture": "#0"},
				"west": {"uv": [10.5, 7, 10, 10], "rotation": 270, "texture": "#0"}
			}
		},
		{
			"name": "Element",
			"from": [11, 16, 12],
			"to": [10, 13, 11],
			"rotation": {"angle": 0, "axis": "y", "origin": [0, 0, 100]},
			"faces": {
				"north": {"uv": [10, 4, 11, 3.5], "rotation": 180, "texture": "#0"},
				"east": {"uv": [10, 4, 9.5, 5], "rotation": 90, "texture": "#0"},
				"south": {"uv": [10, 5.5, 11, 5], "texture": "#0"},
				"west": {"uv": [11.5, 4, 11, 5], "rotation": 270, "texture": "#0"}
			}
		},
		{
			"name": "Element",
			"from": [11, 16, 4],
			"to": [10, 13, 3],
			"rotation": {"angle": 0, "axis": "y", "origin": [0, 0, 92]},
			"faces": {
				"north": {"uv": [10, 12, 11, 11.5], "rotation": 180, "texture": "#0"},
				"east": {"uv": [10, 12, 9.5, 13], "rotation": 90, "texture": "#0"},
				"south": {"uv": [10, 13.5, 11, 13], "texture": "#0"},
				"west": {"uv": [11.5, 12, 11, 13], "rotation": 270, "texture": "#0"}
			}
		},
		{
			"name": "Element",
			"from": [12, 16, 13],
			"to": [11, 13, 4],
			"rotation": {"angle": 0, "axis": "y", "origin": [1, 0, 111]},
			"faces": {
				"north": {"uv": [11, 3, 12, 2.5], "rotation": 180, "texture": "#0"},
				"east": {"uv": [11, 3, 10.5, 12], "rotation": 90, "texture": "#0"},
				"south": {"uv": [11, 12.5, 12, 12], "texture": "#0"},
				"west": {"uv": [12.5, 3, 12, 12], "rotation": 270, "texture": "#0"}
			}
		},
		{
			"name": "Element",
			"from": [13, 16, 13],
			"to": [12, 13, 11],
			"rotation": {"angle": 0, "axis": "y", "origin": [2, 0, 122]},
			"faces": {
				"north": {"uv": [12, 3, 13, 2.5], "rotation": 180, "texture": "#0"},
				"east": {"uv": [12, 3, 11.5, 5], "rotation": 90, "texture": "#0"},
				"south": {"uv": [12, 5.5, 13, 5], "texture": "#0"},
				"west": {"uv": [13.5, 3, 13, 5], "rotation": 270, "texture": "#0"}
			}
		},
		{
			"name": "Element",
			"from": [13, 16, 6],
			"to": [12, 13, 3],
			"rotation": {"angle": 0, "axis": "y", "origin": [2, 0, 120]},
			"faces": {
				"north": {"uv": [12, 10, 13, 9.5], "rotation": 180, "texture": "#0"},
				"east": {"uv": [12, 10, 11.5, 13], "rotation": 90, "texture": "#0"},
				"south": {"uv": [12, 13.5, 13, 13], "texture": "#0"},
				"west": {"uv": [13.5, 10, 13, 13], "rotation": 270, "texture": "#0"}
			}
		}
	]
}